{"stats":{"minecraft:dropped":{"minecraft:note_block":6,"minecraft:sea_lantern":1,"minecraft:gray_concrete":3,"minecraft:piston":2,"minecraft:detector_rail":3,"minecraft:iron_trapdoor":3,"minecraft:minecart":4,"minecraft:stone_brick_wall":3,"minecraft:obsidian":2,"minecraft:iron_door":3,"minecraft:polished_deepslate_wall":3,"minecraft:black_stained_glass":13,"minecraft:redstone":8,"minecraft:stick":4},"minecraft:used":{"minecraft:redstone_torch":23,"minecraft:oak_trapdoor":5,"minecraft:sticky_piston":3,"minecraft:black_concrete":6,"minecraft:piston":11,"minecraft:lever":7,"minecraft:yellow_dye":1,"minecraft:packed_ice":5,"minecraft:sea_lantern":2,"minecraft:activator_rail":27,"minecraft:light_gray_stained_glass":2,"minecraft:flint_and_steel":55,"minecraft:light_gray_concrete":3,"minecraft:redstone":51,"minecraft:acacia_trapdoor":8,"minecraft:powered_rail":36,"minecraft:dark_oak_sign":5,"minecraft:stone_button":3,"minecraft:redstone_block":34,"minecraft:iron_door":8,"minecraft:glow_ink_sac":3,"minecraft:debug_stick":38,"minecraft:repeater":1,"minecraft:black_stained_glass":39,"minecraft:white_stained_glass":61,"minecraft:minecart":1,"minecraft:cyan_dye":2,"minecraft:note_block":26,"minecraft:gray_concrete":57,"minecraft:observer":34,"minecraft:obsidian":189},"minecraft:custom":{"minecraft:time_since_rest":696210,"minecraft:sprint_one_cm":4970,"minecraft:walk_one_cm":41216,"minecraft:drop":58,"minecraft:minecart_one_cm":2321,"minecraft:fly_one_cm":1017579,"minecraft:tune_noteblock":5,"minecraft:crouch_one_cm":1638,"minecraft:play_time":696210,"minecraft:sneak_time":11833,"minecraft:jump":479,"minecraft:leave_game":11,"minecraft:time_since_death":696210,"minecraft:total_world_time":871126}},"DataVersion":3120}